No,カテゴリ,名称 ※必須,施術時間(分) ※必須,種別,回数 ※必須,料金(税抜) ※必須,料金(税込) ※必須,対応可能な医療機器,担当者|対応可能なスタッフ ※必須,担当者|必要数 ※必須,看護師|対応可能なスタッフ ※必須,看護師|必要数 ※必須,対応可能な施術部屋 ※必須,薬剤名一覧,物品名一覧,問診票名,回数が1の場合役務管理するか,契約時に役務を消化する,解約時の返金ルール,役務残高に対する返金割合,契約料に対する返金割合,解約手数料(税抜),解約手数料(税込),コース有効期限(ヶ月),クーリングオフ有効期限(日),前受金,注意書き,カテゴリ優先順位,名称優先順位,施術内でのリソース優先順位を有効にする,種別優先順位,施術名(略称),詳細,現在の院では非表示にする,operation ID,option ID,URL
1,カウンセリング,カウンセリング,20,,1,0,0,,"クック有理沙,安達なつき,岡田美穂,小西瑠依,新居田未紗来",1,,,"CLUTIReFINEクリニック:CS1,CS2",,,,,はい,役務残高に対して,,,0,0,,8,,,,,,1,,,,e400f0b0-5485-4372-832e-14a0c3f6b373,be328688-4cde-49d1-b2bb-eabc92948222,https://medical-force.com/operations/e400f0b0-5485-4372-832e-14a0c3f6b373
2,AGA治療/水光,水光注射（AGA）- ミノックス,65,,1,44728,49200,CLUTIReFINEクリニック:水光注射（HYCOOX MULTI SUCTION INJECTOR）,"クック有理沙,小西瑠依",1,,,"CLUTIReFINEクリニック:S2,S3,S4",,,,,はい,ALL,100,100,0,0,,,,,,,,1,,,,0014f598-2799-4ddf-83e6-f0ee5fab7bf2,b5fa0f5a-0157-4755-a8d0-6ba109b61e2e,https://medical-force.com/operations/0014f598-2799-4ddf-83e6-f0ee5fab7bf2
3,AGA治療/水光,水光注射（AGA）- 幹細胞培養上清液,75,,1,131819,145000,CLUTIReFINEクリニック:水光注射（HYCOOX MULTI SUCTION INJECTOR）,"クック有理沙,小西瑠依",1,,,"CLUTIReFINEクリニック:S2,S3,S4",,,,,はい,ALL,100,100,0,0,,,,,,,,1,,,,025d44b4-baea-44e9-8267-adb540abd625,e6bdf3ff-217c-4ee6-8ada-56997801f025,https://medical-force.com/operations/025d44b4-baea-44e9-8267-adb540abd625
4,Dr施術,ピコスポット　～10箇所,50,,1,29091,32000,CLUTIReFINEクリニック:ピコレーザー（enLIGHTenSR）,久保暁子,1,,,CLUTIReFINEクリニック:S3,,,,,はい,ALL,100,100,0,0,,,,,,,,,,,,5c02f2f1-6dca-4cf4-b641-79ef4b0bb9c6,c39ef2f2-0966-4469-ab68-9a472490bccf,https://medical-force.com/operations/5c02f2f1-6dca-4cf4-b641-79ef4b0bb9c6
5,Dr施術,AGA　ドクター手打ち- ミノックス,50,,1,26364,29000,,久保暁子,1,,,"CLUTIReFINEクリニック:S2,S3,S4",,,,,はい,ALL,100,100,0,0,,,,,,,,,,,,3d372dab-1eb4-4827-b727-1722d2960e46,52f1abd4-5d04-4c32-a7d8-876b1f6eb24b,https://medical-force.com/operations/3d372dab-1eb4-4827-b727-1722d2960e46
6,Dr施術,AGA　ドクター手打ち- 幹細胞培養上清液,60,,1,117273,129000,,久保暁子,1,,,"CLUTIReFINEクリニック:S2,S3,S4",,,,,はい,ALL,100,100,0,0,,,,,,,,1,,,,ad67050c-ed18-42a2-a30b-6296cb85509a,54201c06-040f-49c1-adef-4b5fbaa75acf,https://medical-force.com/operations/ad67050c-ed18-42a2-a30b-6296cb85509a
7,Dr施術,CO2レーザー　～10箇所,50,,1,29091,32000,CLUTIReFINEクリニック:CO2レーザー（EdgeONE）,久保暁子,1,,,"CLUTIReFINEクリニック:S2,S3,S4",,,,,はい,ALL,100,100,0,0,,,,,,,,,,,,f9c0f44f-854f-439c-83c7-9e3b8e7e2ad2,1c23a929-4223-41e0-9eca-03569d4ec2e0,https://medical-force.com/operations/f9c0f44f-854f-439c-83c7-9e3b8e7e2ad2
8,Dr施術/ボトックス/アラガン,ボトックス　エラ　～80単位,50,,1,84546,93000,,久保暁子,1,"小西瑠依,新居田未紗来",1,"CLUTIReFINEクリニック:S2,S3,S4",,,,,はい,ALL,100,100,0,0,,,,,,,,,,,,957b0bc5-2944-43e0-ad04-550d1854459f,fdfc75ec-b082-4ac8-b79c-3d42d64f87f0,https://medical-force.com/operations/957b0bc5-2944-43e0-ad04-550d1854459f
9,Dr施術/ボトックス/アラガン,ボトックス　肩　50単位,50,,1,63637,70000,,久保暁子,1,"小西瑠依,新居田未紗来",1,"CLUTIReFINEクリニック:S2,S3,S4",,,,,はい,ALL,100,100,0,0,,,,,,,,,,,,1ffb1f43-f408-43e0-9278-6348eda91894,234a1424-17da-49a1-8b55-32f7262190fa,https://medical-force.com/operations/1ffb1f43-f408-43e0-9278-6348eda91894
10,Dr施術/ボトックス/アラガン,ボトックス　脇　～100単位,80,,1,100000,110000,,久保暁子,1,"小西瑠依,新居田未紗来",1,"CLUTIReFINEクリニック:S2,S3,S4",,,,,はい,ALL,100,100,0,0,,,,,,,,,,,,28bdc1d1-e052-48cb-ac5b-db976f997e84,e9d14454-457b-4991-8e39-6384655d6099,https://medical-force.com/operations/28bdc1d1-e052-48cb-ac5b-db976f997e84
11,Dr施術/ボトックス/アラガン,ボトックス　顔1箇所　～10単位,50,,1,27273,30000,,久保暁子,1,"小西瑠依,新居田未紗来",1,"CLUTIReFINEクリニック:S2,S3,S4",,,,,はい,ALL,100,100,0,0,,,,,,,,,,,,b4527886-3c2f-4b90-985d-77bfab7606da,56582066-579f-4080-af84-0f3e5f79c381,https://medical-force.com/operations/b4527886-3c2f-4b90-985d-77bfab7606da
12,お任せ用,お任せ点滴・注射,60,,1,0,0,,"クック有理沙,岡本久美子,甘田りな,小西瑠依,松田世羅,上田恵子,新居田未紗来,青山千絵,石井靖子,倉内美和,濱瀬圭子",1,,,"CLUTIReFINEクリニック:G3,G4,G5,G6,S1,G1,G2,S2,S3,S4,VIP",,,,,はい,役務残高に対して,,,0,0,,8,,,,,,1,,,,beb0826b-8c73-4a92-bc8f-7b7075d4d02a,b612d978-deb9-4922-927f-c1fcd7665687,https://medical-force.com/operations/beb0826b-8c73-4a92-bc8f-7b7075d4d02a
13,お任せ用,お任せ美肌施術,110,,1,0,0,,"クック有理沙,小西瑠依,新居田未紗来",1,,,"CLUTIReFINEクリニック:S2,S3,S4",,,,,はい,役務残高に対して,,,0,0,,8,,,,,,1,,,,ac43702c-b29e-42d6-9d9a-bf6eb1cdf51c,9e3842c3-e1e8-49dc-b7e3-d4eadba06bad,https://medical-force.com/operations/ac43702c-b29e-42d6-9d9a-bf6eb1cdf51c
14,検査,G6PD検査,20,,1,5455,6000,,"クック有理沙,小西瑠依,新居田未紗来",1,,,"CLUTIReFINEクリニック:G1,G2,G3,G4,G5,G6,S1,S2,S3,S4,VIP",,,,,はい,ALL,100,100,0,0,,,,,,,,,,,,58b2d712-517e-41cc-b8c6-be94d3f3775f,1652a487-ec5a-4046-a204-296afd77d39d,https://medical-force.com/operations/58b2d712-517e-41cc-b8c6-be94d3f3775f
15,検査,血液検査,20,,1,2728,3000,,"クック有理沙,小西瑠依,新居田未紗来",1,,,"CLUTIReFINEクリニック:S2,S3,S4,VIP,S1,G2,G3,G6,G5,G4,G1",,,,,はい,ALL,100,100,0,0,,,,,,,,,,,,57232b01-c9ac-4724-8c01-cf3ea9c419f9,5d9ccac0-195b-4684-a2d4-b5efa4226f6d,https://medical-force.com/operations/57232b01-c9ac-4724-8c01-cf3ea9c419f9
16,検査/予防再生,マイクロアレイ,20,,1,119091,131000,,"クック有理沙,小西瑠依,新居田未紗来",1,,,"CLUTIReFINEクリニック:G1,G2,G3,G4,G5,G6,S1,S2,S3,S4,VIP",,,,,はい,ALL,100,100,0,0,,,,,,,,,,,,765fa680-1558-4762-8ecb-4a40fa18acca,6cec9113-0daa-47fe-8f51-cc3603dcaf64,https://medical-force.com/operations/765fa680-1558-4762-8ecb-4a40fa18acca
17,検査/予防再生,APOE遺伝子検査,20,,1,22728,25000,,"クック有理沙,小西瑠依,新居田未紗来",1,,,"CLUTIReFINEクリニック:G1,G2,G3,G4,G5,G6,S1,S2,S3,S4,VIP",,,,,はい,ALL,100,100,0,0,,,,,,,,,,,,1ea1b4d3-19f5-4ded-9483-8379d0c442e4,53e2a292-7a8e-4b72-9125-4ca5c3544496,https://medical-force.com/operations/1ea1b4d3-19f5-4ded-9483-8379d0c442e4
18,検査/予防再生,LOX-index,20,,1,22728,25000,,"クック有理沙,小西瑠依,新居田未紗来",1,,,"CLUTIReFINEクリニック:G1,G2,G3,G4,G5,G6,S1,S2,S3,S4,VIP",,,,,はい,ALL,100,100,0,0,,,,,,,,,,,,535d2e6c-e925-436c-94d7-2724f222fbac,a9c63de0-c2a1-42ff-a1be-dcad7a341acd,https://medical-force.com/operations/535d2e6c-e925-436c-94d7-2724f222fbac
19,検査/予防再生,NAD+テスト,20,,1,0,0,,"クック有理沙,小西瑠依,新居田未紗来",1,,,"CLUTIReFINEクリニック:G1,G2,G3,G4,G5,G6,S1,S2,S3,S4,VIP",,,,,はい,ALL,100,100,0,0,,,,,,,,,,,,c1d097a8-cff4-4961-bb15-50fee5545e35,96e98057-f2ef-4fa0-8a29-22dedc880632,https://medical-force.com/operations/c1d097a8-cff4-4961-bb15-50fee5545e35
20,検査/予防再生,エピクロック検査,20,,1,0,0,,"クック有理沙,小西瑠依,新居田未紗来",1,,,"CLUTIReFINEクリニック:G1,G2,G3,G4,G5,G6,S1,S2,S3,S4,VIP",,,,,はい,ALL,100,100,0,0,,,,,,,,,,,,83217cdb-0e90-4bd6-97b6-fc355904f902,cee5b93e-a464-4889-a6bb-172af3c790d5,https://medical-force.com/operations/83217cdb-0e90-4bd6-97b6-fc355904f902
21,検査/予防再生,プロトキー検査,20,,1,23637,26000,,"クック有理沙,小西瑠依,新居田未紗来",1,,,"CLUTIReFINEクリニック:G1,G2,G3,G4,G5,G6,S1,S2,S3,S4,VIP",,,,,はい,ALL,100,100,0,0,,,,,,,,,,,,e6a0da5e-996c-4445-9a68-27f1bed67eb7,756ef094-1db3-4fca-97e4-398a7a9b2ec7,https://medical-force.com/operations/e6a0da5e-996c-4445-9a68-27f1bed67eb7
22,検査/予防再生,サインポスト遺伝子検査,20,,1,59091,65000,,"クック有理沙,小西瑠依,新居田未紗来",1,,,"CLUTIReFINEクリニック:G1,G2,G3,G4,G5,G6,S1,S2,S3,S4,VIP",,,,,はい,ALL,100,100,0,0,,,,,,,,,,,,f3480e96-9e44-4b4e-b020-827ab7a8d99d,918363d9-99d2-46d2-a01b-eec2c55284d8,https://medical-force.com/operations/f3480e96-9e44-4b4e-b020-827ab7a8d99d
23,検査/肌診断,肌診断,40,,1,0,0,CLUTIReFINEクリニック:肌分析機（NeoVoirⅠPLUS）,"岡本理香子,新居田未紗来",1,,,CLUTIReFINEクリニック:診療室,,,,,はい,役務残高に対して,,,0,0,,8,,,,,,1,,,,d9dc87d7-8954-479c-bc19-223f6049956a,52f3f765-b588-4f30-8471-15bfadf539a3,https://medical-force.com/operations/d9dc87d7-8954-479c-bc19-223f6049956a
24,検査/肌診断,頭皮診断（マイクロスコープ）,20,,1,0,0,CLUTIReFINEクリニック:頭皮マイクロスコープ（SKYBASIC）,,,,,"CLUTIReFINEクリニック:CS1,CS2,S2,S3,S4,診療室",,,,,はい,役務残高に対して,,,0,0,,8,,,,,,1,,,,ce35753e-5990-490f-988e-935b4ae7dc67,c6bb8527-6e90-484f-b81c-18dd3cd8b572,https://medical-force.com/operations/ce35753e-5990-490f-988e-935b4ae7dc67
25,水素吸入,水素吸入,40,,1,3182,3500,"CLUTIReFINEクリニック:水素吸引①（HYDINA PRO）,水素吸引②（HYDINA PRO）","クック有理沙,安達なつき,岡田美穂,小西瑠依,新居田未紗来,長谷川木ノ葉",1,,,"CLUTIReFINEクリニック:G1,G2,G3,G4,G5,G6",,,,,はい,ALL,100,100,0,0,,,,,,,,,,,,be20971e-66cf-43f6-9f09-b037e1c88722,843e9ad2-22c4-4c42-aaaa-1e37f47e1b7f,https://medical-force.com/operations/be20971e-66cf-43f6-9f09-b037e1c88722
26,点滴・注射/NAD・NMN,NAD+注射　100㎎,40,,1,38182,42000,,"クック有理沙,小西瑠依,新居田未紗来",1,,,"CLUTIReFINEクリニック:G1,G2,G3,G4,G5,G6,S1,S2,S3,S4,VIP",,,,,はい,ALL,100,100,0,0,,,,,,,,,,,,0325a40b-2216-4a86-9b36-b670e7fbc525,41527abd-1bd7-4dea-957c-c7aadaf903a3,https://medical-force.com/operations/0325a40b-2216-4a86-9b36-b670e7fbc525
27,点滴・注射/NAD・NMN,NAD+注射　200㎎,40,,1,57273,63000,,"クック有理沙,小西瑠依,新居田未紗来",1,,,"CLUTIReFINEクリニック:G1,G2,G3,G4,G5,G6,S1,S2,S3,S4,VIP",,,,,はい,ALL,100,100,0,0,,,,,,,,,,,,a2d34171-cbcb-403c-a82d-67513c22eafc,80e76819-2df0-42b8-955d-6e4953980668,https://medical-force.com/operations/a2d34171-cbcb-403c-a82d-67513c22eafc
28,点滴・注射/NAD・NMN,NAD+点滴　100㎎,80,,1,38182,42000,,"クック有理沙,小西瑠依,新居田未紗来",1,,,"CLUTIReFINEクリニック:G1,G2,G3,G4,G5,G6,S1,S2,S3,S4,VIP",,,,,はい,役務残高に対して,,,0,0,,8,,,,,,1,,,,f7f98dee-a8f8-4417-aefd-fb55120d1bef,50220dd8-66b1-4bc7-8853-84123563ca92,https://medical-force.com/operations/f7f98dee-a8f8-4417-aefd-fb55120d1bef
29,点滴・注射/NAD・NMN,NAD+点滴　200㎎,80,,1,38182,42000,,"クック有理沙,小西瑠依,新居田未紗来",1,,,"CLUTIReFINEクリニック:G1,G2,G3,G4,G5,G6,S1,S2,S3,S4,VIP",,,,,はい,役務残高に対して,,,0,0,,8,,,,,,1,,,,10239df6-91a0-45d5-949c-89a315e19312,ffd11b42-66c2-4a1e-b84c-184bdf340168,https://medical-force.com/operations/10239df6-91a0-45d5-949c-89a315e19312
30,点滴・注射/NAD・NMN,NAD+点滴　250㎎FD,130,,1,57273,63000,,"クック有理沙,小西瑠依,新居田未紗来",1,,,"CLUTIReFINEクリニック:G1,G2,G3,G4,G5,G6,S1,S2,S3,S4,VIP",,,,,はい,ALL,100,100,0,0,,,,,,,,,,,,d6d4b7ab-2695-42b4-b010-61027568657a,968fd43a-0639-4346-b923-756a319fd3e7,https://medical-force.com/operations/d6d4b7ab-2695-42b4-b010-61027568657a
31,点滴・注射/NAD・NMN,NMN点滴　250㎎FD,70,,1,56364,62000,,"クック有理沙,小西瑠依,新居田未紗来",1,,,"CLUTIReFINEクリニック:G1,G2,G3,G4,G5,G6,S1,S2,S3,S4,VIP",,,,,はい,ALL,100,100,0,0,,,,,,,,,,,,b78472d2-15a4-4b61-a7a5-fb1481560196,cd839cc9-114c-4eaf-97d8-97d7b0bbee14,https://medical-force.com/operations/b78472d2-15a4-4b61-a7a5-fb1481560196
32,点滴・注射/NAD・NMN,NMN点滴　500㎎FD,70,,1,84546,93000,,"クック有理沙,小西瑠依,新居田未紗来",1,,,"CLUTIReFINEクリニック:G1,G2,G3,G4,G5,G6,S1,S2,S3,S4,VIP",,,,,はい,ALL,100,100,0,0,,,,,,,,,,,,938b7433-940a-4cba-b774-0fe55221469a,804b2488-e64f-46b9-8e86-c99a4d226b86,https://medical-force.com/operations/938b7433-940a-4cba-b774-0fe55221469a
33,点滴・注射/幹細胞,免疫再生プレミア　1㏄,100,,1,90910,100000,,"クック有理沙,小西瑠依,新居田未紗来",1,,,"CLUTIReFINEクリニック:G1,G2,G3,G4,G5,G6,S1,S2,S3,S4,VIP",,,,,はい,ALL,100,100,0,0,,,,,,,,,,,,8632bf70-60b9-41d1-acf1-be1d89184b71,aa2e1eeb-170e-44b0-88b5-4ab1878c9a5a,https://medical-force.com/operations/8632bf70-60b9-41d1-acf1-be1d89184b71
34,点滴・注射/幹細胞,免疫活力インフィニティ　1㏄,100,,1,72728,80000,,"クック有理沙,岡本久美子,甘田りな,小西瑠依,松田世羅,上田恵子,新居田未紗来,青山千絵,石井靖子,倉内美和,濱瀬圭子",1,,,"CLUTIReFINEクリニック:G1,G2,G3,G4,G5,G6,S1,S2,S3,S4,VIP",,,,,はい,ALL,100,100,0,0,,,,,,,,,,,,d3495aaa-cd38-40ad-ae0e-019e0d166d8e,c600fbff-b9a2-4752-8d48-e4e2c9e927e9,https://medical-force.com/operations/d3495aaa-cd38-40ad-ae0e-019e0d166d8e
35,点滴・注射/幹細胞,免疫活力インフィニティ　2㏄,100,,1,145455,160000,,"クック有理沙,岡本久美子,甘田りな,小西瑠依,松田世羅,上田恵子,新居田未紗来,青山千絵,石井靖子,倉内美和,濱瀬圭子",1,,,"CLUTIReFINEクリニック:G1,G2,G3,G4,G5,G6,S1,S2,S3,S4,VIP",,,,,はい,ALL,100,100,0,0,,,,,,,,1,,,,ec5d966e-7a5e-400e-88c7-d4305bde15c0,c500621d-cd07-4731-a49b-0fe35ee0715b,https://medical-force.com/operations/ec5d966e-7a5e-400e-88c7-d4305bde15c0
36,点滴・注射/幹細胞,免疫活力インフィニティ　3㏄,100,,1,218182,240000,,"クック有理沙,岡本久美子,甘田りな,小西瑠依,松田世羅,上田恵子,新居田未紗来,青山千絵,石井靖子,倉内美和,濱瀬圭子",1,,,"CLUTIReFINEクリニック:G1,G2,G3,G4,G5,G6,S1,S2,S3,S4,VIP",,,,,はい,ALL,100,100,0,0,,,,,,,,1,,,,a539c525-9c93-423f-b5ea-4dd23e0bd606,d1fb003b-4094-4e9e-b13d-6a8ce44304b5,https://medical-force.com/operations/a539c525-9c93-423f-b5ea-4dd23e0bd606
37,点滴・注射/幹細胞,免疫活力インフィニティ　4㏄,100,,1,290910,320000,,"クック有理沙,岡本久美子,甘田りな,小西瑠依,松田世羅,上田恵子,新居田未紗来,青山千絵,石井靖子,倉内美和,濱瀬圭子",1,,,"CLUTIReFINEクリニック:G1,G2,G3,G4,G5,G6,S1,S2,S3,S4,VIP",,,,,はい,ALL,100,100,0,0,,,,,,,,1,,,,30e8e8df-acfe-4a09-ad8d-c854551dc781,3237c3b6-5fd8-4a2d-bbab-c0e4978608d5,https://medical-force.com/operations/30e8e8df-acfe-4a09-ad8d-c854551dc781
38,点滴・注射/幹細胞,免疫活力インフィニティ　5㏄,100,,1,363637,400000,,"クック有理沙,岡本久美子,甘田りな,小西瑠依,松田世羅,上田恵子,新居田未紗来,青山千絵,石井靖子,倉内美和,濱瀬圭子",1,,,"CLUTIReFINEクリニック:G1,G2,G3,G4,G5,G6,S1,S2,S3,S4,VIP",,,,,はい,ALL,100,100,0,0,,,,,,,,1,,,,57873bb9-5b42-4c79-9f62-6269b4bd0a14,6111e0a4-b3c4-4dd5-8b95-e8b97033a94b,https://medical-force.com/operations/57873bb9-5b42-4c79-9f62-6269b4bd0a14
39,点滴・注射/幹細胞,免疫活力インフィニティ　6㏄,100,,1,436364,480000,,"クック有理沙,岡本久美子,甘田りな,小西瑠依,松田世羅,上田恵子,新居田未紗来,青山千絵,石井靖子,倉内美和,濱瀬圭子",1,,,"CLUTIReFINEクリニック:G1,G2,G3,G4,G5,G6,S1,S2,S3,S4,VIP",,,,,はい,ALL,100,100,0,0,,,,,,,,1,,,,59112156-9fe2-42f4-8878-0634e0ca4ca6,3e43503e-ccd8-4ebf-8e60-b4df7b14e592,https://medical-force.com/operations/59112156-9fe2-42f4-8878-0634e0ca4ca6
40,点滴・注射/幹細胞,神経プレミア　1㏄,100,,1,90910,100000,,"クック有理沙,小西瑠依,新居田未紗来",1,,,"CLUTIReFINEクリニック:G1,G2,G3,G4,G5,G6,S1,S2,S3,S4,VIP",,,,,はい,ALL,100,100,0,0,,,,,,,,,,,,4a66f0a4-deff-428a-ab99-3715bc3e763e,1f450cf7-da50-4622-9273-9941f4c95973,https://medical-force.com/operations/4a66f0a4-deff-428a-ab99-3715bc3e763e
41,点滴・注射/美肌系,マイヤーズカクテル,60,,1,8455,9300,,"クック有理沙,岡本久美子,甘田りな,小西瑠依,松田世羅,上田恵子,新居田未紗来,青山千絵,石井靖子,倉内美和,濱瀬圭子",1,,,"CLUTIReFINEクリニック:G1,G2,G3,G4,G5,G6,S1,S2,S3,S4,VIP",,,,,はい,ALL,100,100,0,0,,,,,,,,,,,,9fd44b2d-9ccc-47eb-b5a1-6164cf4743b1,99af06f4-ba1b-4f61-bc99-d1cc5518be02,https://medical-force.com/operations/9fd44b2d-9ccc-47eb-b5a1-6164cf4743b1
42,点滴・注射/美肌系,二日酔い点滴,60,,1,7364,8100,,"クック有理沙,岡本久美子,甘田りな,小西瑠依,松田世羅,上田恵子,新居田未紗来,青山千絵,石井靖子,倉内美和,濱瀬圭子",1,,,"CLUTIReFINEクリニック:G1,G2,G3,G4,G5,G6,S1,S2,S3,S4,VIP",,,,,はい,ALL,100,100,0,0,,,,,,,,,,,,16015aab-142c-4672-8911-fb06519ea0e2,0045cef0-b66c-4d60-b60a-f60d8d3dbf69,https://medical-force.com/operations/16015aab-142c-4672-8911-fb06519ea0e2
43,点滴・注射/美肌系,スーパーニンニク注射,40,,1,2546,2800,,"クック有理沙,岡本久美子,甘田りな,小西瑠依,松田世羅,上田恵子,新居田未紗来,青山千絵,石井靖子,倉内美和,濱瀬圭子",1,,,"CLUTIReFINEクリニック:G1,G2,G3,G4,G5,G6,S1,S2,S3,S4,VIP",,,,,はい,ALL,100,100,0,0,,,,,,,,,,,,9a2e066c-ca51-46b3-b942-3b7e5d510bdf,91eab647-5fc6-497c-a7a0-2b4994a78864,https://medical-force.com/operations/9a2e066c-ca51-46b3-b942-3b7e5d510bdf
44,点滴・注射/美肌系,ダイエット注射,40,,1,5273,5800,,"クック有理沙,岡本久美子,甘田りな,小西瑠依,松田世羅,上田恵子,新居田未紗来,青山千絵,石井靖子,倉内美和,濱瀬圭子",1,,,"CLUTIReFINEクリニック:G1,G2,G3,G4,G5,G6,S1,S2,S3,S4,VIP",,,,,はい,ALL,100,100,0,0,,,,,,,,,,,,d24c3364-e723-41d5-86a7-d0b8f5aa35b8,d5202ffa-8ef6-4f7b-af14-90b87c568e9d,https://medical-force.com/operations/d24c3364-e723-41d5-86a7-d0b8f5aa35b8
45,点滴・注射/美肌系,プラセンタ注射,40,,1,1273,1400,,"クック有理沙,岡本久美子,甘田りな,小西瑠依,松田世羅,上田恵子,新居田未紗来,青山千絵,石井靖子,倉内美和,濱瀬圭子",1,,,"CLUTIReFINEクリニック:G1,G2,G3,G4,G5,G6,S1,S2,S3,S4,VIP",,,,,はい,ALL,100,100,0,0,,,,,,,,,,,,e2e157a6-f8b1-4008-a569-44748449cde7,8b9cb790-23f3-4f51-b04c-3b73964cfa4b,https://medical-force.com/operations/e2e157a6-f8b1-4008-a569-44748449cde7
46,点滴・注射/美肌系,プラセンタ注射　ダブル,40,,1,2546,2800,,"クック有理沙,岡本久美子,甘田りな,小西瑠依,松田世羅,上田恵子,新居田未紗来,青山千絵,石井靖子,倉内美和,濱瀬圭子",1,,,"CLUTIReFINEクリニック:G1,G2,G3,G4,G5,G6,S1,S2,S3,S4,VIP",,,,,はい,ALL,100,100,0,0,,,,,,,,,,,,af72d183-98e6-494e-ba28-6713d310915e,3b602a5e-e10a-455b-b778-041cf9cdd060,https://medical-force.com/operations/af72d183-98e6-494e-ba28-6713d310915e
47,点滴・注射/美肌系,白玉注射,40,,1,5273,5800,,"クック有理沙,岡本久美子,甘田りな,小西瑠依,松田世羅,上田恵子,新居田未紗来,青山千絵,石井靖子,倉内美和,濱瀬圭子",1,,,"CLUTIReFINEクリニック:G1,G2,G3,G4,G5,G6,S1,S2,S3,S4,VIP",,,,,はい,ALL,100,100,0,0,,,,,,,,,,,,7580136f-a69d-4ab9-b902-39c9f1a8a745,a5ec166a-e604-4ab4-807b-65ce045ee9c0,https://medical-force.com/operations/7580136f-a69d-4ab9-b902-39c9f1a8a745
48,点滴・注射/美肌系,白玉注射　ダブル,20,,1,8455,9300,,"クック有理沙,岡本久美子,甘田りな,小西瑠依,松田世羅,上田恵子,新居田未紗来,青山千絵,石井靖子,倉内美和,濱瀬圭子",1,,,"CLUTIReFINEクリニック:G1,G2,G3,G4,G5,G6,S1,S2,S3,S4,VIP",,,,,はい,ALL,100,100,0,0,,,,,,,,,,,,f847cc60-55f4-4a31-b489-2edb46bd04d7,952a0a6b-1147-4fad-8f11-2f3573bcaa0d,https://medical-force.com/operations/f847cc60-55f4-4a31-b489-2edb46bd04d7
49,点滴・注射/美肌系,白玉点滴,60,,1,8455,9300,,"クック有理沙,岡本久美子,甘田りな,小西瑠依,松田世羅,上田恵子,新居田未紗来,青山千絵,石井靖子,倉内美和,濱瀬圭子",1,,,"CLUTIReFINEクリニック:G1,G2,G3,G4,G5,G6,S1,S2,S3,S4,VIP",,,,,はい,ALL,100,100,0,0,,,,,,,,,,,,75d2c209-5146-44d7-8907-9bd39194a209,aa0f264d-2960-4e16-88ce-51b35cce40c0,https://medical-force.com/operations/75d2c209-5146-44d7-8907-9bd39194a209
50,点滴・注射/美肌系,白玉点滴　ダブル,60,,1,12728,14000,,"クック有理沙,岡本久美子,甘田りな,小西瑠依,松田世羅,上田恵子,新居田未紗来,青山千絵,石井靖子,倉内美和,濱瀬圭子",1,,,"CLUTIReFINEクリニック:G1,G2,G3,G4,G5,G6,S1,S2,S3,S4,VIP",,,,,はい,ALL,100,100,0,0,,,,,,,,,,,,48b55951-fadc-4613-a6b2-23f7feae1034,be30d62f-cdf3-4ecf-b71f-7a2d32818fee,https://medical-force.com/operations/48b55951-fadc-4613-a6b2-23f7feae1034
51,点滴・注射/美肌系,美肌注射,40,,1,3182,3500,,"クック有理沙,岡本久美子,甘田りな,小西瑠依,松田世羅,上田恵子,新居田未紗来,青山千絵,石井靖子,倉内美和,濱瀬圭子",1,,,"CLUTIReFINEクリニック:G1,G2,G3,G4,G5,G6,S1,S2,S3,S4,VIP",,,,,はい,ALL,100,100,0,0,,,,,,,,,,,,a8e4af72-7729-44f6-acfb-85c49382db4e,9053f6c1-228b-45c7-84ef-d216a330b809,https://medical-force.com/operations/a8e4af72-7729-44f6-acfb-85c49382db4e
52,点滴・注射/美肌系,美肌点滴,60,,1,7364,8100,,"クック有理沙,岡本久美子,甘田りな,小西瑠依,松田世羅,上田恵子,新居田未紗来,青山千絵,石井靖子,倉内美和,濱瀬圭子",1,,,"CLUTIReFINEクリニック:G1,G2,G3,G4,G5,G6,S1,S2,S3,S4,VIP",,,,,はい,ALL,100,100,0,0,,,,,,,,,,,,9d15c855-f62c-4a04-ad35-3356a2e3a9d9,6bb8d28b-731a-46c7-a16e-629ae194e91d,https://medical-force.com/operations/9d15c855-f62c-4a04-ad35-3356a2e3a9d9
53,点滴・注射/美肌系,高濃度VC点滴,90,,1,11819,13000,,"クック有理沙,岡本久美子,甘田りな,小西瑠依,松田世羅,上田恵子,新居田未紗来,青山千絵,石井靖子,倉内美和,濱瀬圭子",1,,,"CLUTIReFINEクリニック:G1,G2,G3,G4,G5,G6,S1,S2,S3,S4,VIP",,,,,はい,ALL,100,100,0,0,,,,,,,,,,,,e72c122d-4fde-4114-a1ea-26a3bb39e133,0309a4de-980e-477a-8bdd-ae8386c8634d,https://medical-force.com/operations/e72c122d-4fde-4114-a1ea-26a3bb39e133
54,美肌治療/ピコ,ピコトーニング,50,,1,23637,26000,CLUTIReFINEクリニック:ピコレーザー（enLIGHTenSR）,"クック有理沙,小西瑠依,新居田未紗来",1,,,CLUTIReFINEクリニック:S3,,,,,はい,ALL,100,100,0,0,,,,,,,,,,,,7b4b930e-b42e-47b3-a694-21f77d3a561f,5d92a82e-e509-43fe-b282-59eb8d36bc88,https://medical-force.com/operations/7b4b930e-b42e-47b3-a694-21f77d3a561f
55,美肌治療/ハイドラ,ハイドラフェイシャル,50,,1,16364,18000,CLUTIReFINEクリニック:ハイドラフェイシャル（EliteML）,"クック有理沙,小西瑠依,松田世羅,新居田未紗来",1,,,"CLUTIReFINEクリニック:S2,S3,S4",,,,,はい,ALL,100,100,0,0,,,,,,,,,,,,ffcfa03b-6bb3-41a2-9a10-dcbdf4a6374a,d3b1d3d1-9b62-4c61-b764-3ddba2a1a733,https://medical-force.com/operations/ffcfa03b-6bb3-41a2-9a10-dcbdf4a6374a
56,美肌治療/ピーリング,コラーゲンピール,50,,1,16364,18000,,"クック有理沙,小西瑠依,新居田未紗来",1,,,"CLUTIReFINEクリニック:S2,S3,S4",,,,,はい,ALL,100,100,0,0,,,,,,,,,,,,a8f111f7-37ac-4fe3-96cb-e7e999fc501d,6a09f5ff-2c81-4351-9b23-f6ce83da1389,https://medical-force.com/operations/a8f111f7-37ac-4fe3-96cb-e7e999fc501d
57,美肌治療/ピーリング,サリチル酸ピーリング,50,,1,10910,12000,,"クック有理沙,小西瑠依,新居田未紗来",1,,,"CLUTIReFINEクリニック:S2,S3,S4",,,,,はい,ALL,100,100,0,0,,,,,,,,,,,,ea2352fb-095d-436c-a84a-034cffa27c0b,c2debe05-8095-41af-9075-a1ff313aad8d,https://medical-force.com/operations/ea2352fb-095d-436c-a84a-034cffa27c0b
58,美肌治療/ポテンツァ,ポテンツァ　ダイヤモンドチップ　500ショット,80,,1,52728,58000,CLUTIReFINEクリニック:ポテンツァ（POTENZA）,"クック有理沙,小西瑠依,松田世羅,新居田未紗来",1,,,"CLUTIReFINEクリニック:S2,S3,S4",,,,,はい,ALL,100,100,0,0,,,,,,,,,,,,48b15e74-9905-4bb9-b7db-32ca865fdd83,193259ef-5f34-472b-8811-6771e5ce9c7a,https://medical-force.com/operations/48b15e74-9905-4bb9-b7db-32ca865fdd83
59,美肌治療/ポテンツァ,ポテンツァ　ニードルRF薬剤導入なし,110,,1,33637,37000,CLUTIReFINEクリニック:ポテンツァ（POTENZA）,"クック有理沙,小西瑠依,新居田未紗来",1,,,"CLUTIReFINEクリニック:S2,S3,S4",,,,,はい,ALL,100,100,0,0,,,,,,,,,,,,1860358d-004f-4625-ab4d-d79ffeb97f45,cd94f9d8-923b-4e81-9b02-b8756ad64169,https://medical-force.com/operations/1860358d-004f-4625-ab4d-d79ffeb97f45
60,美肌治療/ポテンツァ,ポテンツァ　ニードルRF薬剤導入あり- リズネ,110,,1,85455,94000,CLUTIReFINEクリニック:ポテンツァ（POTENZA）,"クック有理沙,小西瑠依,新居田未紗来",1,,,"CLUTIReFINEクリニック:S2,S3,S4",,,,,はい,ALL,100,100,0,0,,,,,,,,1,,,,8fd9c020-493e-4e8a-8bc0-90de7fb1f3a5,c46ff1a6-1ea7-4b67-9fe2-8e47101872e2,https://medical-force.com/operations/8fd9c020-493e-4e8a-8bc0-90de7fb1f3a5
61,美肌治療/ポテンツァ,ポテンツァ　ニードルRF薬剤導入あり- サイトケア,110,,1,74546,82000,CLUTIReFINEクリニック:ポテンツァ（POTENZA）,"クック有理沙,小西瑠依,新居田未紗来",1,,,"CLUTIReFINEクリニック:S2,S3,S4",,,,,はい,ALL,100,100,0,0,,,,,,,,1,,,,37cf11de-8908-40f1-8797-be496c8a0a57,a0e299d4-9f2f-4533-b5ee-da2e7a4cafe4,https://medical-force.com/operations/37cf11de-8908-40f1-8797-be496c8a0a57
62,美肌治療/ポテンツァ,ポテンツァ　ニードルRF薬剤導入あり- マックーム,110,,1,85455,94000,CLUTIReFINEクリニック:ポテンツァ（POTENZA）,"クック有理沙,小西瑠依,新居田未紗来",1,,,"CLUTIReFINEクリニック:S2,S3,S4",,,,,はい,ALL,100,100,0,0,,,,,,,,1,,,,9967cae3-2859-4e95-9afb-976f3f18f3ec,24be1774-cf6e-4bf6-8d01-0cd149183d0a,https://medical-force.com/operations/9967cae3-2859-4e95-9afb-976f3f18f3ec
63,美肌治療/ポテンツァ,ポテンツァ　ニードルRF薬剤導入あり- ジュベルック,110,,1,85455,94000,CLUTIReFINEクリニック:ポテンツァ（POTENZA）,"小西瑠依,新居田未紗来",1,,,"CLUTIReFINEクリニック:S2,S3,S4",,,,,はい,ALL,100,100,0,0,,,,,,,,1,,,,909effab-7eec-49c7-a41d-1e654121222b,f0f3d28b-872e-46ad-9020-b0c00387f4bf,https://medical-force.com/operations/909effab-7eec-49c7-a41d-1e654121222b
64,美肌治療/ポテンツァ,ポテンツァ　ニードルRF薬剤導入あり- 幹細胞培養上清液（美肌）,110,,1,100000,110000,CLUTIReFINEクリニック:ポテンツァ（POTENZA）,"クック有理沙,小西瑠依,新居田未紗来",1,,,"CLUTIReFINEクリニック:S2,S3,S4",,,,,はい,ALL,100,100,0,0,,,,,,,,1,,,,7198f408-ed10-4950-9321-25cb732cf0c5,5a4db14a-5506-4a20-a3b6-1c07649ebe94,https://medical-force.com/operations/7198f408-ed10-4950-9321-25cb732cf0c5
65,美肌治療/HIFU,HIFU　500ショット,80,,1,70000,77000,CLUTIReFINEクリニック:ハイフ（ULTRAcel [zi:]）,"クック有理沙,小西瑠依,新居田未紗来",1,,,"CLUTIReFINEクリニック:S2,S3,S4",,,,,はい,ALL,100,100,0,0,,,,,,,,,,,,4454de04-2baa-4d87-8dad-27d2d132154a,19655143-d68c-4bdd-b589-df89e2777384,https://medical-force.com/operations/4454de04-2baa-4d87-8dad-27d2d132154a
66,美肌治療/メソナJ,メソナJ　スペシャル,90,,1,21819,24000,CLUTIReFINEクリニック:エレクトロポレーション（Mesona-J）,"クック有理沙,小西瑠依,松田世羅,新居田未紗来",1,,,"CLUTIReFINEクリニック:S2,S3,S4",,,,,はい,ALL,100,100,0,0,,,,,,,,,,,,50554bf4-02e1-4458-a494-13650b5ecad0,a2f8e699-6ef3-4174-b4da-fbf394c36337,https://medical-force.com/operations/50554bf4-02e1-4458-a494-13650b5ecad0
67,美肌治療/M22,Ｍ22,80,,1,31819,35000,CLUTIReFINEクリニック:IPL（Stellar M22）,"クック有理沙,小西瑠依,新居田未紗来",1,,,"CLUTIReFINEクリニック:S3,S4",,,,,はい,ALL,100,100,0,0,,,,,,,,,,,,26f8620e-9ebc-48ce-9337-08f6cf427173,92b68a19-b40f-4d77-b327-61a905c82731,https://medical-force.com/operations/26f8620e-9ebc-48ce-9337-08f6cf427173
68,美肌治療/水光,水光注射（顔）- リズネ,110,,1,62728,69000,CLUTIReFINEクリニック:水光注射（HYCOOX MULTI SUCTION INJECTOR）,"クック有理沙,小西瑠依,新居田未紗来",1,,,"CLUTIReFINEクリニック:S2,S3,S4",,,,,はい,ALL,100,100,0,0,,,,,,,,1,,,,e2b193d4-66b1-4be3-ba63-b25797719aad,0c5f32aa-74ce-4c2b-a0e0-fd19361a28e6,https://medical-force.com/operations/e2b193d4-66b1-4be3-ba63-b25797719aad
69,美肌治療/水光,水光注射（顔）- サイトケア,110,,1,51819,57000,CLUTIReFINEクリニック:水光注射（HYCOOX MULTI SUCTION INJECTOR）,"クック有理沙,小西瑠依,新居田未紗来",1,,,"CLUTIReFINEクリニック:S2,S3,S4",,,,,はい,ALL,100,100,0,0,,,,,,,,1,,,,8341e01b-c2ed-4ebd-8c87-4bf91708d266,22b912c6-e778-4c81-8ec0-ec00ae65b6b4,https://medical-force.com/operations/8341e01b-c2ed-4ebd-8c87-4bf91708d266
70,美肌治療/水光,水光注射（顔）- ジュベリック,110,,1,62728,69000,CLUTIReFINEクリニック:水光注射（HYCOOX MULTI SUCTION INJECTOR）,"小西瑠依,新居田未紗来",1,,,"CLUTIReFINEクリニック:S2,S3,S4",,,,,はい,ALL,100,100,0,0,,,,,,,,1,,,,2bab59e8-006a-42b1-b632-e16db311774e,fa4e6b9c-dfec-4ef1-81d1-649baf28fdf8,https://medical-force.com/operations/2bab59e8-006a-42b1-b632-e16db311774e
71,美肌治療/水光,水光注射（顔）- 幹細胞培養上清液（美肌）,110,,1,77273,85000,CLUTIReFINEクリニック:水光注射（HYCOOX MULTI SUCTION INJECTOR）,"クック有理沙,小西瑠依,新居田未紗来",1,,,"CLUTIReFINEクリニック:S2,S3,S4",,,,,はい,ALL,100,100,0,0,,,,,,,,1,,,,eee8527a-4cef-46fb-8e8f-eecf056e6fc3,4c551e2d-c845-49e3-ae02-4ff79edc7c15,https://medical-force.com/operations/eee8527a-4cef-46fb-8e8f-eecf056e6fc3
72,美肌治療/水光,水光注射（首）- リズネ,110,,1,62728,69000,CLUTIReFINEクリニック:水光注射（HYCOOX MULTI SUCTION INJECTOR）,新居田未紗来,1,,,"CLUTIReFINEクリニック:S2,S3,S4",,,,,はい,ALL,100,100,0,0,,,,,,,,1,,,,9b834428-3ebc-467e-a9e9-1c07008aa2e3,9152d628-a947-491e-b30c-76f80be31b73,https://medical-force.com/operations/9b834428-3ebc-467e-a9e9-1c07008aa2e3
73,美肌治療/水光,水光注射（首）- サイトケア,110,,1,51819,57000,CLUTIReFINEクリニック:水光注射（HYCOOX MULTI SUCTION INJECTOR）,新居田未紗来,1,,,"CLUTIReFINEクリニック:S2,S3,S4",,,,,はい,ALL,100,100,0,0,,,,,,,,1,,,,6f7552a3-c9eb-4ec4-8cac-660a8c0b947d,7e360869-320a-4c00-8b03-885d66a28aea,https://medical-force.com/operations/6f7552a3-c9eb-4ec4-8cac-660a8c0b947d
74,美肌治療/水光,水光注射（首）- ジュベリック,110,,1,62728,69000,CLUTIReFINEクリニック:水光注射（HYCOOX MULTI SUCTION INJECTOR）,新居田未紗来,1,,,"CLUTIReFINEクリニック:S2,S3,S4",,,,,はい,ALL,100,100,0,0,,,,,,,,1,,,,318f945c-f871-45f9-97f7-5e97ff5ca94c,11a8a9c6-1985-4783-8c05-938c2b533ce6,https://medical-force.com/operations/318f945c-f871-45f9-97f7-5e97ff5ca94c
75,美肌治療/水光,水光注射（首）- 幹細胞培養上清液（美肌）,110,,1,77273,85000,CLUTIReFINEクリニック:水光注射（HYCOOX MULTI SUCTION INJECTOR）,新居田未紗来,1,,,"CLUTIReFINEクリニック:S2,S3,S4",,,,,はい,ALL,100,100,0,0,,,,,,,,1,,,,aa0fec10-6749-43c7-93bb-58a052b56362,77360792-ed37-4165-816d-7db777da113e,https://medical-force.com/operations/aa0fec10-6749-43c7-93bb-58a052b56362
76,診察,診察,10,,1,0,0,,"福本礼,天満仁,井上準子,遠藤佐依,岡本真季,岡本理香子,下地智之,河村 和夫,河村唯,久保暁子,佐藤侑紀,山口優里,住友 克至,新居田泰大,渡部彰一郎,矢間翔大",1,,,CLUTIReFINEクリニック:診療室,,,,,はい,役務残高に対して,,,0,0,,8,,,,,,1,,,,3ef5db5f-97a5-4fd8-be77-65d9174b0fd1,1ff841ed-b208-461f-8bdd-a7cd4814b330,https://medical-force.com/operations/3ef5db5f-97a5-4fd8-be77-65d9174b0fd1